date,vw_index
20100104,3420.152
20100105,3434.552
20100106,3446.506
20100107,3460.153
20100108,3471.313
20100111,3478.144
20100112,3441.83
20100113,3469.769
20100114,3476.625
20100115,3437.835
20100119,3477.233
20100120,3441.331
20100121,3373.689
20100122,3306.882
20100125,3320.976
20100126,3303.645
20100127,3314.716
20100128,3284.285
20100129,3254.347
20100201,3306.941
20100202,3351.498
20100203,3329.586
20100204,3220.96
20100205,3225.516
20100208,3197.813
20100209,3243.888
20100210,3239.332
20100211,3276.705
20100212,3271.553
20100216,3333.757
20100217,3348.864
20100218,3369.048
20100219,3379.887
20100222,3375.939
20100223,3331.437
20100224,3358.787
20100225,3356.777
20100226,3362.592
20100301,3399.256
20100302,3414.891
20100303,3421.443
20100304,3431.169
20100305,3480.802
20100308,3481.263
20100309,3485.468
20100310,3500.466
20100311,3514.736
20100312,3518.393
20100315,3518.288
20100316,3550.74
20100317,3571.493
20100318,3562.028
20100319,3538.582
20100322,3556.825
20100323,3583.486
20100324,3560.703
20100325,3550.147
20100326,3553.492
20100329,3580.446
20100330,3579.573
20100331,3571.593
20100401,3609.264
20100405,3641.731
20100406,3648.479
20100407,3625.021
20100408,3635.988
20100409,3660.023
20100412,3667.031
20100413,3666.903
20100414,3708.471
20100415,3704.517
20100416,3642.019
20100419,3653.864
20100420,3691.681
20100421,3687.098
20100422,3697.533
20100423,3728.624
20100426,3715.521
20100427,3622.042
20100428,3646.116
20100429,3693.907
20100430,3634.149
20100503,3679.817
20100504,3591.307
20100505,3558.234
20100506,3443.002
20100507,3393.887
20100510,3545.156
20100511,3539.654
20100512,3593.404
20100513,3555.563
20100514,3486.225
20100517,3480.98
20100518,3434.798
20100519,3411.672
20100520,3272.264
20100521,3327.648
20100524,3281.753
20100525,3282.414
20100526,3275.862
20100527,3389.782
20100528,3346.718
20100601,3280.735
20100602,3369.302
20100603,3381.695
20100604,3259.064
20100607,3217.684
20100608,3257.399
20100609,3246.14
20100610,3345.647
20100611,3361.623
20100614,3361.408
20100615,3439.199
20100616,3433.877
20100617,3436.99
20100618,3443.17
20100621,3433.049
20100622,3371.878
20100623,3362.411
20100624,3306.614
20100625,3328.458
20100628,3317.765
20100629,3212.487
20100630,3186.277
20100701,3174.017
20100702,3158.175
20100706,3171.06
20100707,3271.06
20100708,3304.839
20100709,3333.813
20100712,3327.484
20100713,3383.172
20100714,3377.251
20100715,3379.774
20100716,3284.342
20100719,3297.476
20100720,3340.756
20100721,3300.177
20100722,3375.579
20100723,3406.924
20100726,3447.406
20100727,3439.971
20100728,3416.008
20100729,3409.376
20100730,3414.936
20100802,3488.793
20100803,3470.239
20100804,3494.886
20100805,3488.426
20100806,3474.323
20100809,3493.525
20100810,3470.012
20100811,3367.68
20100812,3355.137
20100813,3344.917
20100816,3347.009
20100817,3395.129
20100818,3402.778
20100819,3344.779
20100820,3330.124
20100823,3318.043
20100824,3270.992
20100825,3282.281
20100826,3263.383
20100827,3326.62
20100830,3279.489
20100831,3282.998
20100901,3379.344
20100902,3411.221
20100903,3454.385
20100907,3411.637
20100908,3431.217
20100909,3445.134
20100910,3462.274
20100913,3500.914
20100914,3498.033
20100915,3506.38
20100916,3502.093
20100917,3502.248
20100920,3554.387
20100921,3542.96
20100922,3525.553
20100923,3491.519
20100924,3565
20100927,3548.955
20100928,3571.016
20100929,3566.773
20100930,3560.688
20101001,3581.882
20101004,3554.109
20101005,3625.611
20101006,3630.875
20101007,3620.24
20101008,3647.298
20101011,3649.514
20101012,3660.769
20101013,3691.755
20101014,3676.403
20101015,3665.783
20101018,3691.348
20101019,3628.402
20101020,3672.234
20101021,3673.703
20101022,3678.203
20101025,3690.149
20101026,3685.612
20101027,3667.573
20101028,3670.742
20101029,3677.643
20101101,3679.287
20101102,3710.21
20101103,3723.381
20101104,3802.615
20101105,3822.162
20101108,3816.915
20101109,3782.852
20101110,3802.657
20101111,3795.365
20101112,3746.478
20101115,3742.991
20101116,3679.307
20101117,3684.115
20101118,3741.564
20101119,3758.329
20101122,3749.935
20101123,3696.953
20101124,3751.811
20101126,3722.787
20101129,3721.488
20101130,3703.941
20101201,3782.463
20101202,3829.433
20101203,3843.268
20101206,3841.237
20101207,3841.648
20101208,3845.431
20101209,3861.244
20101210,3884.655
20101213,3890.029
20101214,3889.998
20101215,3868.251
20101216,3889.042
20101217,3893.622
20101220,3900.337
20101221,3928.489
20101222,3943.37
20101223,3940.008
20101227,3942.26
20101228,3947.275
20101229,3958.607
20101230,3956.155
20101231,3958.439
20110103,3999.976
20110104,3985.33
20110105,4005.261
20110106,3990.34
20110107,3983.828
20110110,3977.684
20110111,3999.122
20110112,4036.494
20110113,4028.024
20110114,4055.015
20110118,4062.289
20110119,4014.582
20110120,4004.994
20110121,4018.905
20110124,4040.025
20110125,4037.812
20110126,4066.948
20110127,4072.243
20110128,4009.415
20110131,4043.199
20110201,4111.506
20110202,4099.89
20110203,4112.344
20110204,4117.667
20110207,4144.835
20110208,4163.159
20110209,4148.871
20110210,4156.439
20110211,4181.244
20110214,4195.918
20110215,4183.105
20110216,4214.716
20110217,4233.241
20110218,4238.668
20110222,4155.205
20110223,4132.487
20110224,4125.818
20110225,4176.021
20110228,4203.988
20110301,4140.827
20110302,4150.668
20110303,4216.83
20110304,4189.263
20110307,4154.621
20110308,4190.521
20110309,4183.772
20110310,4099.321
20110311,4130.331
20110314,4107.23
20110315,4063.424
20110316,3996.509
20110317,4051.405
20110318,4072.854
20110321,4138.214
20110322,4124.108
20110323,4133.031
20110324,4163.485
20110325,4177.554
20110328,4165.33
20110329,4192.47
20110330,4228.118
20110331,4222.113
20110401,4248.164
20110404,4254.183
20110405,4260.135
20110406,4265.64
20110407,4254.986
20110408,4241.758
20110411,4221.495
20110412,4183.04
20110413,4182.654
20110414,4185.001
20110415,4204.729
20110418,4154.706
20110419,4181.114
20110420,4231.965
20110421,4255.187
20110425,4243.033
20110426,4279.566
20110427,4303.232
20110428,4318.841
20110429,4335.245
20110502,4321.222
20110503,4294.313
20110504,4256.798
20110505,4212.946
20110506,4231.965
20110509,4258.052
20110510,4292.174
20110511,4237.267
20110512,4252.224
20110513,4217.888
20110516,4199.744
20110517,4195.708
20110518,4239.479
20110519,4249.856
20110520,4220.359
20110523,4168.229
20110524,4170.446
20110525,4190.414
20110526,4209.43
20110527,4231.132
20110531,4270.212
20110601,4170.159
20110602,4165.4
20110603,4131.856
20110606,4077.552
20110607,4078.44
20110608,4058.142
20110609,4093.413
20110610,4036.819
20110613,4034.97
20110614,4090.533
20110615,4019.227
20110616,4022.224
20110617,4036.485
20110620,4059.087
20110621,4117.869
20110622,4095.958
20110623,4075.789
20110624,4034.343
20110627,4062.127
20110628,4116.396
20110629,4158.315
20110630,4196.778
20110701,4253.125
20110705,4247.298
20110706,4249.831
20110707,4291.748
20110708,4261.811
20110711,4179.014
20110712,4166.419
20110713,4185.533
20110714,4156.956
20110715,4178.17
20110718,4136.734
20110719,4198.653
20110720,4203.501
20110721,4261.992
20110722,4259.304
20110725,4230.819
20110726,4206.568
20110727,4120.443
20110728,4103.904
20110729,4077.629
20110801,4062.714
20110802,3956.719
20110803,3972.181
20110804,3770.671
20110805,3757.757
20110808,3493.476
20110809,3674.855
20110810,3530.836
20110811,3693.921
20110812,3710.84
20110815,3801.006
20110816,3758.917
20110817,3767.611
20110818,3599.365
20110819,3542.902
20110822,3540.146
20110823,3656.015
20110824,3704.605
20110825,3647.551
20110826,3699.085
20110829,3808.179
20110830,3820.012
20110831,3843.395
20110901,3796.555
20110902,3700.067
20110906,3663.738
20110907,3772.855
20110908,3727.368
20110909,3623.413
20110912,3632.814
20110913,3668.25
20110914,3713.9
20110915,3775.812
20110916,3786.403
20110919,3737.201
20110920,3725.324
20110921,3603.289
20110922,3476.44
20110923,3493.631
20110926,3580.643
20110927,3627.507
20110928,3538.74
20110929,3580.86
20110930,3493.35
20111003,3380.21
20111004,3457.434
20111005,3522.852
20111006,3598.024
20111007,3558.017
20111010,3680.96
20111011,3679.117
20111012,3726.673
20111013,3705.709
20111014,3771.828
20111017,3691.034
20111018,3773.805
20111019,3727.091
20111020,3749.857
20111021,3827.789
20111024,3884.489
20111025,3807.623
20111026,3860.18
20111027,4005.094
20111028,4007.434
20111031,3901.472
20111101,3787.066
20111102,3857.755
20111103,3929.761
20111104,3906.147
20111107,3926.41
20111108,3970.718
20111109,3819.678
20111110,3856.028
20111111,3932.321
20111114,3893.945
20111115,3903.74
20111116,3846.493
20111117,3782.716
20111118,3787.281
20111121,3716.527
20111122,3697.462
20111123,3611.426
20111125,3602.716
20111128,3708.915
20111129,3725.275
20111130,3893.602
20111201,3880.176
20111202,3880.326
20111205,3920.435
20111206,3925.379
20111207,3934.654
20111208,3840.874
20111209,3908.156
20111212,3845.36
20111213,3803.392
20111214,3758.377
20111215,3776.323
20111216,3794.031
20111219,3745.396
20111220,3857.513
20111221,3878.494
20111222,3914.947
20111223,3947.222
20111227,3944.957
20111228,3890.896
20111229,3935.003
20111230,3924.789
20120103,3988.103
20120104,3985.327
20120105,3991.362
20120106,3974.29
20120109,3987.802
20120110,4030.492
20120111,4031.895
20120112,4041.881
20120113,4020.113
20120117,4032.177
20120118,4078.098
20120119,4099.976
20120120,4105.158
20120123,4114.351
20120124,4109.238
20120125,4147.026
20120126,4124.707
20120127,4122.732
20120130,4105.049
20120131,4102.487
20120201,4147.633
20120202,4152.194
20120203,4213.494
20120206,4209.887
20120207,4215.695
20120208,4222.741
20120209,4223.693
20120210,4188.546
20120213,4216.951
20120214,4208.162
20120215,4191.367
20120216,4241.276
20120217,4252.477
20120221,4253.411
20120222,4241.707
20120223,4263.175
20120224,4268.638
20120227,4272.957
20120228,4279.775
20120229,4258.147
20120301,4286.512
20120302,4264.947
20120305,4251.532
20120306,4172.481
20120307,4204.532
20120308,4248.981
20120309,4266.306
20120312,4261.643
20120313,4336.867
20120314,4315.136
20120315,4345.358
20120316,4353.663
20120319,4366.793
20120320,4343.828
20120321,4336.896
20120322,4296.314
20120323,4318.836
20120326,4374.798
20120327,4354.544
20120328,4330.101
20120329,4323.258
20120330,4343.947
20120402,4377.465
20120403,4355.007
20120404,4307.916
20120405,4297.602
20120409,4246.76
20120410,4168.351
20120411,4204.542
20120412,4271.603
20120413,4220.821
20120416,4228.29
20120417,4288.104
20120418,4270.569
20120419,4255.248
20120420,4266.84
20120423,4226.303
20120424,4248.417
20120425,4295.361
20120426,4324.766
20120427,4338.915
20120430,4324.109
20120501,4350.587
20120502,4334.626
20120503,4293.093
20120504,4233.426
20120507,4235.783
20120508,4211.82
20120509,4182.859
20120510,4199.517
20120511,4184.512
20120514,4131.529
20120515,4102.806
20120516,4085.307
20120517,4024.68
20120518,3995.995
20120521,4059.26
20120522,4061.731
20120523,4072.316
20120524,4082.97
20120525,4074.987
20120529,4120.935
20120530,4050.049
20120531,4043.669
20120601,3945.392
20120604,3934.171
20120605,3967.047
20120606,4057.61
20120607,4056.689
20120608,4083.463
20120611,4029.6
20120612,4076.409
20120613,4049.172
20120614,4092.795
20120615,4131.348
20120618,4132.862
20120619,4181.792
20120620,4173.118
20120621,4076.07
20120622,4100.641
20120625,4040.349
20120626,4059.541
20120627,4099.081
20120628,4099.466
20120629,4199.371
20120702,4212.776
20120703,4250.548
20120705,4227.635
20120706,4189.714
20120709,4179.295
20120710,4143.76
20120711,4148.486
20120712,4131.327
20120713,4196.366
20120716,4187.427
20120717,4218.815
20120718,4239.661
20120719,4244.295
20120720,4206.131
20120723,4166.651
20120724,4127.359
20120725,4134.325
20120726,4202.952
20120727,4279.59
20120730,4280.097
20120731,4254.631
20120801,4238.472
20120802,4202.047
20120803,4282.482
20120806,4292.295
20120807,4317.438
20120808,4320.547
20120809,4325.388
20120810,4335.423
20120813,4324.099
20120814,4326.113
20120815,4335.833
20120816,4366.627
20120817,4375.852
20120820,4371.869
20120821,4360.78
20120822,4356.318
20120823,4321.559
20120824,4346.801
20120827,4342.159
20120828,4341.982
20120829,4346.089
20120830,4315.729
20120831,4339.869
20120904,4339.878
20120905,4338.593
20120906,4422.491
20120907,4453.818
20120910,4434.944
20120911,4454.768
20120912,4465.521
20120913,4537.568
20120914,4561.455
20120917,4536.081
20120918,4525.086
20120919,4531.254
20120920,4522.75
20120921,4523.615
20120924,4513.874
20120925,4468.526
20120926,4446.902
20120927,4486.415
20120928,4469.78
20121001,4487.128
20121002,4490.534
20121003,4499.526
20121004,4538.918
20121005,4545.065
20121008,4535.045
20121009,4497.234
20121010,4469.662
20121011,4480.747
20121012,4462.648
20121015,4497.636
20121016,4540.004
20121017,4569.674
20121018,4568.32
20121019,4504.562
20121022,4499.616
20121023,4435.082
20121024,4423.164
20121025,4440.883
20121026,4431.159
20121031,4450.218
20121101,4496.991
20121102,4456.242
20121105,4461.217
20121106,4502.328
20121107,4408.222
20121108,4359.116
20121109,4360.505
20121112,4359.775
20121113,4343.77
20121114,4276.13
20121115,4264.496
20121116,4291.402
20121119,4371.661
20121120,4377.198
20121121,4391.125
20121123,4446.106
20121126,4431.218
20121127,4409.217
20121128,4442.834
20121129,4464.748
20121130,4467.593
20121203,4445.514
20121204,4440.006
20121205,4460.979
20121206,4470.038
20121207,4490.792
20121210,4495.334
20121211,4515.881
20121212,4520.705
20121213,4495.977
20121214,4486.242
20121217,4529.618
20121218,4577.412
20121219,4553.054
20121220,4580.976
20121221,4542.187
20121224,4532.501
20121226,4512.562
20121227,4509.636
20121228,4464.959
20121231,4535.843
20130102,4643.309
20130103,4638.67
20130104,4673.47
20130107,4658.844
20130108,4648.11
20130109,4662.465
20130110,4697.584
20130111,4697.861
20130114,4699.226
20130115,4715.089
20130116,4707.269
20130117,4735.438
20130118,4755.433
20130122,4784.319
20130123,4781.62
20130124,4797.87
20130125,4823.061
20130128,4813.135
20130129,4837.363
20130130,4816.34
20130131,4811.398
20130201,4853.977
20130204,4805.379
20130205,4844.662
20130206,4854.673
20130207,4842.732
20130208,4864.155
20130211,4858.905
20130212,4875.553
20130213,4879.572
20130214,4884.39
20130215,4875.329
20130219,4909.683
20130220,4846.327
20130221,4816.591
20130222,4857.716
20130225,4767.909
20130226,4796.968
20130227,4860.827
20130228,4858.306
20130301,4865.631
20130304,4884.38
20130305,4924.488
20130306,4935.355
20130307,4945.932
20130308,4972.524
20130311,4986.589
20130312,4978.55
20130313,4983.588
20130314,5016.601
20130315,5011.049
20130318,4980.551
20130319,4965.674
20130320,5001.847
20130321,4966.441
20130322,4994.763
20130325,4979.636
20130326,5019.739
20130327,5016.48
20130328,5039.12
20130401,5017.022
20130402,5029.156
20130403,4966.755
20130404,4988.182
20130405,4973.732
20130408,5009.712
20130409,5026.192
20130410,5076.577
20130411,5097.432
20130412,5076.455
20130415,4944.18
20130416,5017.329
20130417,4948.432
20130418,4927.921
20130419,4969.819
20130422,4983.971
20130423,5035.387
20130424,5048.643
20130425,5071.532
20130426,5059.879
20130429,5095.368
20130430,5112.224
20130501,5054.826
20130502,5098.451
20130503,5150.699
20130506,5161.858
20130507,5196.549
20130508,5222.821
20130509,5199.268
20130510,5219.714
20130513,5214.459
20130514,5268.351
20130515,5293.278
20130516,5263.554
20130517,5315
20130520,5319.753
20130521,5328.942
20130522,5279.353
20130523,5264.279
20130524,5258.902
20130528,5289.536
20130529,5250.685
20130530,5268.703
20130531,5190.942
20130603,5218.095
20130604,5189.444
20130605,5117.9
20130606,5168.904
20130607,5228.184
20130610,5227.843
20130611,5170.237
20130612,5130.549
20130613,5211.446
20130614,5184.844
20130617,5220.653
20130618,5258.271
20130619,5184.203
20130620,5046.742
20130621,5059.196
20130624,4993.949
20130625,5049.712
20130626,5096.922
20130627,5139.261
20130628,5117.921
20130701,5147.759
20130702,5139.253
20130703,5137.286
20130705,5184.438
20130708,5217.508
20130709,5261.546
20130710,5258.077
20130711,5330.558
20130712,5339.48
20130715,5350.61
20130716,5327.446
20130717,5343.67
20130718,5382.555
20130719,5404.686
20130722,5417.211
20130723,5417.597
20130724,5384.185
20130725,5401.465
20130726,5399.504
20130729,5379.972
20130730,5375.143
20130731,5371.882
20130801,5438.73
20130802,5442.077
20130805,5434.843
20130806,5400.451
20130807,5373.871
20130808,5403.239
20130809,5393.382
20130812,5386.455
20130813,5391.025
20130814,5367.359
20130815,5302.661
20130816,5283.598
20130819,5241.25
20130820,5269.122
20130821,5233.563
20130822,5278.58
20130823,5299.225
20130826,5279.065
20130827,5199.656
20130828,5212.105
20130829,5223.036
20130830,5203.561
20130903,5223.669
20130904,5259.474
20130905,5268.321
20130906,5273.927
20130909,5328.235
20130910,5369.974
20130911,5392.269
20130912,5368.547
20130913,5383.654
20130916,5423.214
20130917,5446.48
20130918,5516.839
20130919,5506.364
20130920,5460.5
20130923,5434.501
20130924,5424.537
20130925,5415.783
20130926,5432.316
20130927,5408.831
20130930,5378.979
20131001,5421.085
20131002,5417.1
20131003,5372.239
20131004,5405.876
20131007,5361.225
20131008,5301.054
20131009,5305.206
20131010,5416.75
20131011,5452.726
20131014,5471.788
20131015,5431.629
20131016,5503.935
20131017,5549.485
20131018,5578.492
20131021,5576.254
20131022,5612.085
20131023,5583.492
20131024,5604.068
20131025,5620.4
20131028,5623.271
20131029,5651.753
20131030,5619.788
20131031,5598.421
20131101,5609.662
20131104,5634.875
20131105,5611.246
20131106,5635.487
20131107,5566.188
20131108,5630.791
20131111,5638.626
20131112,5621.42
20131113,5664.848
20131114,5695.143
20131115,5722.451
20131118,5703.557
20131119,5685.251
20131120,5665.616
20131121,5709.453
20131122,5734.019
20131125,5721.751
20131126,5719.792
20131127,5728.069
20131129,5721.654
20131202,5702.376
20131203,5677.672
20131204,5669.391
20131205,5644.478
20131206,5704.312
20131209,5715.823
20131210,5698.382
20131211,5632.463
20131212,5616.324
20131213,5624.779
20131216,5659.855
20131217,5645.355
20131218,5734.379
20131219,5734.054
20131220,5765.15
20131223,5792.998
20131224,5816.811
20131226,5842.922
20131227,5847.146
20131230,5850.208
20131231,5873.791
20140102,5821.038
20140103,5829.053
20140106,5811.444
20140107,5840.614
20140108,5836.918
20140109,5841.415
20140110,5859.336
20140113,5795.3
20140114,5843.163
20140115,5868.075
20140116,5864.192
20140117,5846.214
20140121,5859.122
20140122,5862.534
20140123,5807.996
20140124,5683.826
20140127,5653.806
20140128,5702.835
20140129,5646.964
20140130,5701.542
20140131,5665.782
20140203,5536.892
20140204,5577.38
20140205,5571.667
20140206,5639.244
20140207,5703.842
20140210,5705.465
20140211,5766.371
20140212,5770.507
20140213,5806.449
20140214,5836.322
20140218,5847.263
20140219,5809.648
20140220,5846.733
20140221,5841.374
20140224,5876.24
20140225,5868.79
20140226,5875.802
20140227,5902.781
20140228,5920.967
20140303,5882.053
20140304,5970.674
20140305,5970.373
20140306,5986.499
20140307,5988.515
20140310,5978.879
20140311,5946.506
20140312,5948.85
20140313,5887.45
20140314,5882.38
20140317,5932.582
20140318,5969.502
20140319,5927.818
20140320,5960.418
20140321,5957.285
20140324,5930.946
20140325,5953.839
20140326,5916.342
20140327,5916.796
20140328,5950.151
20140331,6003.793
20140401,6038.344
20140402,6057.367
20140403,6050.281
20140404,5997.604
20140407,5924.877
20140408,5952.274
20140409,6009.428
20140410,5901.955
20140411,5849.432
20140414,5890.382
20140415,5927.33
20140416,5987.403
20140417,6002.042
20140421,6018.987
20140422,6045.596
20140423,6038.503
20140424,6034.094
20140425,5991.894
20140428,6000.178
20140429,6031.697
20140430,6054.145
20140501,6054.162
20140502,6053.646
20140505,6057.04
20140506,6012.227
20140507,6053.802
20140508,6038.891
20140509,6042.454
20140512,6098.439
20140513,6097.832
20140514,6071.908
20140515,6018.618
20140516,6035.509
20140519,6054.543
20140520,6011.461
20140521,6055.538
20140522,6072.456
20140523,6096.888
20140527,6121.542
20140528,6116.104
20140529,6145.424
20140530,6153.503
20140602,6161.925
20140603,6160.18
20140604,6173.597
20140605,6212.031
20140606,6242.812
20140609,6251.417
20140610,6247.913
20140611,6224.071
20140612,6191.181
20140613,6210.585
20140616,6218.04
20140617,6235.604
20140618,6280.961
20140619,6295.444
20140620,6309.507
20140623,6310.967
20140624,6260.465
20140625,6290.222
20140626,6285.422
20140627,6300.579
20140630,6304.641
20140701,6338.545
20140702,6335.745
20140703,6365.765
20140707,6328.875
20140708,6293.243
20140709,6317.983
20140710,6288.126
20140711,6285.604
20140714,6313.02
20140715,6297.223
20140716,6325.044
20140717,6260.854
20140718,6314.731
20140721,6299.859
20140722,6328.67
20140723,6335.771
20140724,6339.495
20140725,6309.045
20140728,6307.121
20140729,6276.182
20140730,6271.962
20140731,6151.686
20140801,6130.084
20140804,6175.399
20140805,6115.703
20140806,6117.096
20140807,6084.684
20140808,6152.934
20140811,6178.18
20140812,6164.961
20140813,6198.854
20140814,6225.425
20140815,6222.138
20140818,6273.467
20140819,6303.55
20140820,6321.743
20140821,6340.4
20140822,6325.047
20140825,6354.906
20140826,6366.865
20140827,6372.693
20140828,6362.244
20140829,6384.187
20140902,6377.622
20140903,6383.795
20140904,6369.084
20140905,6397.001
20140908,6369.377
20140909,6333.967
20140910,6346.384
20140911,6355.783
20140912,6311.185
20140915,6308.682
20140916,6352.846
20140917,6357.021
20140918,6382.391
20140919,6368.566
20140922,6305.707
20140923,6263.167
20140924,6302.23
20140925,6210.689
20140926,6260.376
20140929,6243.313
20140930,6214.442
20141001,6138.389
20141002,6141.861
20141003,6197.795
20141006,6192.917
20141007,6099.538
20141008,6191.242
20141009,6055.275
20141010,5993.68
20141013,5894.306
20141014,5906.384
20141015,5875.202
20141016,5906.322
20141017,5973.831
20141020,6021.77
20141021,6131.348
20141022,6074.91
20141023,6143.186
20141024,6179.559
20141027,6160.692
20141028,6238.759
20141029,6226.874
20141030,6262.261
20141031,6330.234
20141103,6320.693
20141104,6289.332
20141105,6333.115
20141106,6357.502
20141107,6376.146
20141110,6392.369
20141111,6397.961
20141112,6396.849
20141113,6386.146
20141114,6393.587
20141117,6400.9
20141118,6432.086
20141119,6424.524
20141120,6440.534
20141121,6481.262
20141124,6489.473
20141125,6483.655
20141126,6493.926
20141128,6440.8
20141201,6389.522
20141202,6427.531
20141203,6464.255
20141204,6447.392
20141205,6455.599
20141208,6390.74
20141209,6393.037
20141210,6278.854
20141211,6304.334
20141212,6198.164
20141215,6158.107
20141216,6134.531
20141217,6271.696
20141218,6408.151
20141219,6440.629
20141222,6461.963
20141223,6489.874
20141224,6490.226
20141226,6506.468
20141229,6517.636
20141230,6493.611
20141231,6434.613
20150102,6436.402
20150105,6309.813
20150106,6255.023
20150107,6322.092
20150108,6427.802
20150109,6375.755
20150112,6325.414
20150113,6306.413
20150114,6270.734
20150115,6222.982
20150116,6310.074
20150120,6302.623
20150121,6336.308
20150122,6424.575
20150123,6384.47
20150126,6415.488
20150127,6369.205
20150128,6266.687
20150129,6318.087
20150130,6235.078
20150202,6320.509
20150203,6427.158
20150204,6393.683
20150205,6470.263
20150206,6450.239
20150209,6422.86
20150210,6470.192
20150211,6460.618
20150212,6524.261
20150213,6549.175
20150217,6561.976
20150218,6558.922
20150219,6540.938
20150220,6577.868
20150223,6569.402
20150224,6585.281
20150225,6591.313
20150226,6567.509
20150227,6554.517
20150302,6583.562
20150303,6560.622
20150304,6533.207
20150305,6541.158
20150306,6443.709
20150309,6462.155
20150310,6363.007
20150311,6364.041
20150312,6448.758
20150313,6410.323
20150316,6487.056
20150317,6466.676
20150318,6551.373
20150319,6506.097
20150320,6572.984
20150323,6571.534
20150324,6536.592
20150325,6460.311
20150326,6446.556
20150327,6455.246
20150330,6531.39
20150331,6489.826
20150401,6473.592
20150402,6505.47
20150406,6548.383
20150407,6533.422
20150408,6546.749
20150409,6566.77
20150410,6597.83
20150413,6567.823
20150414,6589.413
20150415,6628.667
20150416,6625.542
20150417,6559.779
20150420,6603.527
20150421,6583.966
20150422,6612.078
20150423,6633.685
20150424,6627.458
20150427,6598.1
20150428,6622.9
20150429,6603.536
20150430,6544.79
20150501,6598.297
20150504,6620.401
20150505,6551.759
20150506,6530.915
20150507,6548.744
20150508,6628.757
20150511,6598.348
20150512,6585.751
20150513,6584.022
20150514,6639.325
20150515,6649.853
20150518,6666.712
20150519,6658.179
20150520,6653.859
20150521,6668.152
20150522,6649.702
20150526,6581.237
20150527,6624.179
20150528,6617.74
20150529,6577.7
20150601,6586.493
20150602,6593.018
20150603,6607.167
20150604,6545.262
20150605,6542.544
20150608,6504.616
20150609,6509.547
20150610,6581.955
20150611,6596.363
20150612,6555.576
20150615,6528.99
20150616,6561.832
20150617,6573.314
20150618,6624.648
20150619,6586.77
20150622,6620.897
20150623,6629.486
20150624,6578.898
20150625,6559.417
20150626,6566.939
20150629,6430.174
20150630,6443.012
20150701,6479.397
20150702,6475.7
20150706,6444.232
20150707,6486.928
20150708,6381.586
20150709,6399.919
20150710,6473.54
20150713,6531.061
20150714,6557.537
20150715,6537.073
20150716,6569.664
20150717,6542.056
20150720,6527.708
20150721,6495.454
20150722,6493.2
20150723,6456.463
20150724,6393.325
20150727,6353.27
20150728,6436.223
20150729,6494.557
20150730,6493.967
20150731,6485.559
20150803,6458.779
20150804,6448.081
20150805,6454.373
20150806,6422.275
20150807,6398.517
20150810,6487.188
20150811,6433.382
20150812,6435.681
20150813,6422.683
20150814,6450.228
20150817,6481.478
20150818,6465.313
20150819,6404.524
20150820,6278.445
20150821,6115.458
20150824,5873.779
20150825,5797.565
20150826,5979.527
20150827,6128.95
20150828,6142.777
20150831,6104.104
20150901,5932.46
20150902,6012.624
20150903,6037.228
20150904,5945.087
20150908,6080.01
20150909,5997.703
20150910,6014.356
20150911,6030.26
20150914,6001.746
20150915,6073.121
20150916,6141.24
20150917,6131.261
20150918,6030.978
20150921,6058.705
20150922,5978.327
20150923,5950.464
20150924,5927.687
20150925,5933.831
20150928,5776.561
20150929,5782.738
20150930,5890.691
20151001,5902.728
20151002,5989.814
20151005,6111.571
20151006,6100.015
20151007,6161.222
20151008,6224.817
20151009,6227.19
20151012,6221.803
20151013,6175.71
20151014,6143.131
20151015,6227.041
20151016,6250.241
20151019,6236.128
20151020,6237.818
20151021,6186.836
20151022,6268.646
20151023,6297.455
20151026,6272.885
20151027,6237.407
20151028,6326.918
20151029,6318.621
20151030,6294.257
20151102,6370.106
20151103,6388.877
20151104,6359.512
20151105,6353.214
20151106,6342.677
20151109,6281.47
20151110,6299.084
20151111,6270.244
20151112,6171.207
20151113,6122.525
20151116,6213.962
20151117,6200.062
20151118,6291.058
20151119,6283.251
20151120,6294.937
20151123,6290.577
20151124,6310.656
20151125,6313.902
20151127,6315.617
20151130,6291.507
20151201,6352.517
20151202,6272.845
20151203,6186.773
20151204,6280.773
20151207,6214.18
20151208,6161.572
20151209,6141.131
20151210,6148.032
20151211,6029.046
20151214,6033.349
20151215,6110.437
20151216,6201.985
20151217,6106.257
20151218,6013.637
20151221,6052.271
20151222,6112.519
20151223,6209.037
20151224,6199.922
20151228,6173.983
20151229,6228.824
20151230,6184.649
20151231,6141.52
20160104,6061.369
20160105,6080.083
20160106,5988.521
20160107,5856.126
20160108,5788.475
20160111,5776.659
20160112,5803.789
20160113,5668.493
20160114,5749.951
20160115,5636.422
20160119,5622.732
20160120,5541.283
20160121,5587.156
20160122,5703.771
20160125,5603.981
20160126,5705.57
20160127,5669.313
20160128,5689.229
20160129,5834.373
20160201,5828.53
20160202,5714.22
20160203,5765.147
20160204,5792.047
20160205,5703.617
20160208,5605.629
20160209,5591.078
20160210,5586.1
20160211,5498.766
20160212,5622.027
20160216,5713.202
20160217,5810.517
20160218,5797.995
20160219,5788.248
20160222,5872.118
20160223,5807.748
20160224,5828.511
20160225,5898.585
20160226,5898.991
20160229,5864.321
20160301,5984.126
20160302,6023.69
20160303,6067.796
20160304,6097.624
20160307,6129.585
20160308,6042.607
20160309,6077.908
20160310,6072.62
20160311,6178.558
20160314,6164.326
20160315,6136.634
20160316,6181.947
20160317,6247.786
20160318,6272.923
20160321,6270.853
20160322,6260.964
20160323,6205.309
20160324,6202.219
20160328,6211.596
20160329,6266.598
20160330,6295.44
20160331,6287.743
20160401,6307.89
20160404,6280.479
20160405,6215.29
20160406,6273.493
20160407,6206.271
20160408,6241.846
20160411,6233.376
20160412,6305.036
20160413,6368.265
20160414,6365.691
20160415,6364.303
20160418,6411.202
20160419,6460.522
20160420,6468.299
20160421,6421.645
20160422,6458.708
20160425,6438.376
20160426,6471.291
20160427,6507.145
20160428,6458.956
20160429,6434.175
20160502,6472.177
20160503,6399.52
20160504,6363.515
20160505,6362.047
20160506,6383.007
20160509,6373.951
20160510,6452.686
20160511,6401.882
20160512,6406.541
20160513,6345.105
20160516,6406.77
20160517,6359.597
20160518,6342.095
20160519,6322.146
20160520,6360.539
20160523,6346.25
20160524,6416.504
20160525,6464.574
20160526,6459.584
20160527,6484.881
20160531,6473.871
20160601,6492.908
20160602,6516.319
20160603,6510.342
20160606,6553.491
20160607,6574.831
20160608,6599.009
20160609,6581.478
20160610,6510.991
20160613,6460.401
20160614,6438.168
20160615,6435.937
20160616,6449.474
20160617,6454.823
20160620,6501.02
20160621,6519.11
20160622,6507.26
20160623,6598.772
20160624,6365.257
20160627,6240.368
20160628,6347.295
20160629,6459.284
20160630,6546.245
20160701,6561.594
20160705,6506.276
20160706,6536.937
20160707,6522.781
20160708,6622.05
20160711,6645.212
20160712,6702.033
20160713,6707.975
20160714,6737.865
20160715,6732.996
20160718,6744.822
20160719,6732.866
20160720,6749.539
20160721,6725.139
20160722,6754.39
20160725,6726.444
20160726,6735.27
20160727,6705.935
20160728,6713.895
20160729,6732.385
20160801,6700.202
20160802,6656.364
20160803,6686.781
20160804,6688.386
20160805,6739.042
20160808,6743.304
20160809,6746.023
20160810,6731.614
20160811,6765.562
20160812,6759.053
20160815,6783.005
20160816,6747.047
20160817,6756.54
20160818,6782.314
20160819,6767.396
20160822,6759.949
20160823,6779.122
20160824,6742.588
20160825,6739.161
20160826,6719.748
20160829,6762.05
20160830,6753.194
20160831,6733.742
20160901,6733.656
20160902,6776.522
20160906,6794.164
20160907,6797.543
20160908,6791.125
20160909,6619.448
20160912,6701.726
20160913,6581.016
20160914,6565.583
20160915,6621.615
20160916,6587.768
20160919,6604.833
20160920,6597.468
20160921,6680.292
20160922,6731.327
20160923,6692.3
20160926,6637.827
20160927,6661.997
20160928,6718.093
20160929,6655.012
20160930,6707.848
20161003,6683.701
20161004,6638.875
20161005,6672.104
20161006,6670.045
20161007,6640.417
20161010,6674.875
20161011,6596.836
20161012,6609.478
20161013,6591.021
20161014,6588.226
20161017,6571.163
20161018,6609.081
20161019,6635.409
20161020,6622.101
20161021,6612.773
20161024,6628.436
20161025,6599.102
20161026,6591.174
20161027,6572.292
20161028,6561.887
20161031,6564.765
20161101,6518.36
20161102,6471.233
20161103,6457.37
20161104,6452.741
20161107,6585.288
20161108,6607.495
20161109,6696.043
20161110,6739.789
20161111,6729.918
20161114,6762.244
20161115,6806.716
20161116,6783.273
20161117,6808.288
20161118,6801.963
20161121,6851.599
20161122,6870.913
20161123,6885.091
20161125,6912.294
20161128,6867.26
20161129,6871.337
20161130,6884.981
20161201,6882.43
20161202,6885.445
20161205,6928.487
20161206,6961.572
20161207,7052.553
20161208,7077.054
20161209,7103.903
20161212,7095.41
20161213,7126.498
20161214,7045.443
20161215,7071.288
20161216,7069.149
20161219,7078.755
20161220,7108.99
20161221,7090.466
20161222,7075.417
20161223,7085.898
20161227,7098.175
20161228,7041.175
20161229,7048.384
20161230,7032.91
20170103,7091.381
20170104,7152.233
20170105,7136.296
20170106,7143.585
20170109,7097.609
20170110,7100.92
20170111,7126.765
20170112,7108.431
20170113,7123.299
20170117,7104.254
20170118,7110.619
20170119,7079.921
20170120,7107.949
20170123,7088.305
20170124,7148.638
20170125,7202.536
20170126,7191.595
20170127,7171.746
20170130,7124.618
20170131,7131.497
20170201,7119.148
20170202,7128.088
20170203,7191.623
20170206,7164.917
20170207,7154.689
20170208,7162.558
20170209,7212.255
20170210,7244.38
20170213,7277.888
20170214,7308.593
20170215,7339.966
20170216,7330.009
20170217,7338.604
20170221,7385.465
20170222,7369.527
20170223,7372.291
20170224,7372.006
20170227,7384.634
20170228,7355.366
20170301,7455.931
20170302,7406.856
20170303,7411.168
20170306,7381.735
20170307,7353.878
20170308,7319.63
20170309,7316.985
20170310,7339.888
20170313,7349.068
20170314,7315.282
20170315,7395.427
20170316,7388.624
20170317,7379.271
20170320,7352.563
20170321,7263.038
20170322,7266.808
20170323,7270.834
20170324,7260.716
20170327,7250.851
20170328,7305.188
20170329,7316.47
20170330,7336.517
20170331,7325.749
20170403,7306.079
20170404,7309.586
20170405,7284.029
20170406,7313.703
20170407,7306.895
20170410,7321.171
20170411,7325.012
20170412,7292.207
20170413,7232.286
20170417,7295.763
20170418,7273.47
20170419,7253.344
20170420,7305.741
20170421,7278.323
20170424,7353.045
20170425,7396.24
20170426,7395.41
20170427,7382.619
20170428,7354.627
20170501,7352.752
20170502,7353.049
20170503,7337.935
20170504,7328.847
20170505,7376.905
20170508,7368.718
20170509,7348.983
20170510,7372.095
20170511,7348.233
20170512,7327.185
20170515,7371.914
20170516,7356.189
20170517,7242.151
20170518,7256.373
20170519,7322.103
20170522,7354.153
20170523,7368.006
20170524,7380.296
20170525,7394.187
20170526,7394.173
20170530,7372.799
20170531,7370.956
20170601,7443.812
20170602,7448.592
20170605,7434.386
20170606,7420.8
20170607,7417.652
20170608,7421.383
20170609,7475.809
20170612,7483.836
20170613,7517.235
20170614,7504.393
20170615,7488.156
20170616,7500.706
20170619,7540.002
20170620,7484.935
20170621,7452.967
20170622,7460.244
20170623,7476.896
20170626,7495.836
20170627,7466.385
20170628,7528.856
20170629,7487.652
20170630,7505.051
20170703,7555.629
20170705,7535.522
20170706,7467.195
20170707,7504.733
20170710,7497.538
20170711,7490.296
20170712,7537.687
20170713,7549.486
20170714,7582.438
20170717,7581.119
20170718,7570.191
20170719,7614.629
20170720,7611.463
20170721,7603.406
20170724,7590.145
20170725,7629.613
20170726,7622.275
20170727,7621.218
20170728,7614.52
20170731,7619.644
20170801,7637.699
20170802,7626.343
20170803,7613.851
20170804,7630.894
20170807,7629.363
20170808,7605.896
20170809,7599.852
20170810,7508.523
20170811,7502.963
20170814,7566.061
20170815,7552.359
20170816,7567.655
20170817,7468.857
20170818,7457.026
20170821,7469.442
20170822,7527.261
20170823,7514.922
20170824,7505.102
20170825,7528.889
20170828,7521.694
20170829,7519.848
20170830,7536.539
20170831,7580.744
20170901,7609.225
20170905,7553.827
20170906,7580.299
20170907,7576.019
20170908,7582.27
20170911,7659.638
20170912,7689.209
20170913,7693.861
20170914,7703.526
20170915,7712.84
20170918,7733.306
20170919,7741.947
20170920,7756.5
20170921,7745.158
20170922,7755.243
20170925,7763.365
20170926,7761.16
20170927,7779.484
20170928,7797.065
20170929,7811.788
20171002,7854.363
20171003,7873.757
20171004,7880.417
20171005,7909.264
20171006,7895.869
20171009,7877.839
20171010,7905.053
20171011,7918.687
20171012,7906.51
20171013,7908.332
20171016,7912.646
20171017,7910.992
20171018,7921.703
20171019,7929.788
20171020,7966.905
20171023,7939.789
20171024,7952.923
20171025,7907.717
20171026,7929.329
20171027,7935.603
20171030,7895.663
20171031,7904.326
20171101,7918.816
20171102,7922.634
20171103,7930.518
20171106,7941.883
20171107,7931.283
20171108,7935.268
20171109,7915.119
20171110,7910.451
20171113,7910.359
20171114,7890.06
20171115,7849.751
20171116,7911.574
20171117,7906.866
20171120,7922.896
20171121,7961.04
20171122,7957.06
20171124,7969.945
20171127,7957.685
20171128,8043.86
20171129,8084.499
20171130,8146.441
20171201,8147.337
20171204,8165.736
20171205,8122.52
20171206,8098.469
20171207,8127.311
20171208,8172.863
20171211,8188.309
20171212,8206.015
20171213,8203.975
20171214,8161.76
20171215,8214.681
20171218,8265.268
20171219,8241.62
20171220,8241.012
20171221,8269.518
20171222,8268.876
20171226,8279.409
20171227,8287.65
20171228,8310.793
20171229,8275.787
20180102,8323.232
20180103,8363.13
20180104,8405.18
20180105,8446.354
20180108,8458.566
20180109,8468.227
20180110,8454.317
20180111,8526.568
20180112,8576.275
20180116,8541.251
20180117,8608.985
20180118,8585.001
20180119,8631.985
20180122,8689.839
20180123,8692.477
20180124,8704.336
20180125,8708.554
20180126,8787.388
20180129,8719.601
20180130,8621.671
20180131,8616.76
20180201,8629.163
20180202,8440.585
20180205,8109.779
20180206,8211.7
20180207,8199.131
20180208,7921.646
20180209,8012.837
20180212,8112.777
20180213,8131.764
20180214,8233.626
20180215,8309.506
20180216,8322.83
20180220,8247.7
20180221,8201.926
20180222,8208.05
20180223,8318.743
20180226,8397.783
20180227,8289.845
20180228,8183.221
20180301,8098.996
20180302,8127.318
20180305,8213.069
20180306,8240.452
20180307,8232.783
20180308,8261.626
20180309,8387.123
20180312,8368.744
20180313,8331.932
20180314,8279.117
20180315,8259.995
20180316,8291.392
20180319,8203.84
20180320,8208.901
20180321,8222.879
20180322,8021.611
20180323,7881.735
20180326,8043.778
20180327,7956.739
20180328,7956.837
20180329,8054.437
20180330,7977.701
20180402,7900.965
20180403,7999.189
20180404,8069.799
20180405,8142.083
20180406,7984.916
20180409,7999.332
20180410,8118.031
20180411,8083.28
20180412,8129.896
20180413,8109.813
20180416,8181.343
20180417,8240.104
20180418,8251.628
20180419,8215.702
20180420,8174.659
20180423,8180.447
20180424,8106.043
20180425,8118.427
20180426,8164.203
20180427,8172.554
20180430,8112.771
20180501,8105.644
20180502,8051.893
20180503,8030.539
20180504,8112.285
20180507,8133.815
20180508,8137.575
20180509,8204.777
20180510,8275.684
20180511,8295.265
20180514,8300.691
20180515,8263.634
20180516,8296.747
20180517,8309.433
20180518,8294.248
20180521,8358.641
20180522,8323.169
20180523,8327.218
20180524,8303.737
20180525,8271.052
20180529,8165.439
20180530,8291.767
20180531,8219.77
20180601,8279.736
20180604,8310.381
20180605,8312.635
20180606,8387.189
20180607,8404.275
20180608,8438.675
20180611,8450.2
20180612,8452.633
20180613,8409.865
20180614,8407.399
20180615,8396.293
20180618,8386.869
20180619,8344.548
20180620,8348.039
20180621,8297.413
20180622,8335.988
20180625,8240.118
20180626,8260.863
20180627,8201.375
20180628,8240.182
20180629,8255.326
20180702,8253.232
20180703,8250.96
20180705,8310.264
20180706,8360.784
20180709,8431.877
20180710,8460.461
20180711,8390.905
20180712,8438.489
20180713,8446.262
20180716,8434.564
20180717,8457.525
20180718,8491
20180719,8473.589
20180720,8461.34
20180723,8463.398
20180724,8488.232
20180725,8544.45
20180726,8570.169
20180727,8532.871
20180730,8518.806
20180731,8566.314
20180801,8529.078
20180802,8549.556
20180803,8587.908
20180806,8612.853
20180807,8627.892
20180808,8620.938
20180809,8614.284
20180810,8560.129
20180813,8509.094
20180814,8566.408
20180815,8502.062
20180816,8589.452
20180817,8634.686
20180820,8669.738
20180821,8687.644
20180822,8678.278
20180823,8653.309
20180824,8696.454
20180827,8752.106
20180828,8745.795
20180829,8769.397
20180830,8721.146
20180831,8713.688
20180904,8695.371
20180905,8702.057
20180906,8689.598
20180907,8670.525
20180910,8688.112
20180911,8705.132
20180912,8726.268
20180913,8749.711
20180914,8763.431
20180917,8747.014
20180918,8785.809
20180919,8797.821
20180920,8858.849
20180921,8868.628
20180924,8813.925
20180925,8798.121
20180926,8752.863
20180927,8755.916
20180928,8755.028
20181001,8785.258
20181002,8775.272
20181003,8784.467
20181004,8742.311
20181005,8712.572
20181008,8724.569
20181009,8698.743
20181010,8458.538
20181011,8267.787
20181012,8330.192
20181015,8319.755
20181016,8470.927
20181017,8455.278
20181018,8354.544
20181019,8350.737
20181022,8289.565
20181023,8231.593
20181024,8028.989
20181025,8124.118
20181026,8015.477
20181029,7996.267
20181030,8123.719
20181031,8173.672
20181101,8264.468
20181102,8244.872
20181105,8317.526
20181106,8363.166
20181107,8498.763
20181108,8480.616
20181109,8425.325
20181112,8298.964
20181113,8283.855
20181114,8235.03
20181115,8299.253
20181116,8330.819
20181119,8244.805
20181120,8089.045
20181121,8127.893
20181123,8077.733
20181126,8175.622
20181127,8181.589
20181128,8340.053
20181129,8327.856
20181130,8385.372
20181203,8467.677
20181204,8216.041
20181206,8174.878
20181207,8034.571
20181210,8003.328
20181211,7986.646
20181212,8025.762
20181213,8015.359
20181214,7896.17
20181217,7730.195
20181218,7708.722
20181219,7617.726
20181220,7497.801
20181221,7373.5
20181224,7179.482
20181226,7490.856
20181227,7555.518
20181228,7551.911
20181231,7618.682
20190102,7622.863
20190103,7488.205
20190104,7713.94
20190107,7775.145
20190108,7855.499
20190109,7894.314
20190110,7932.878
20190111,7940.11
20190114,7910.82
20190115,7962.46
20190116,7994.856
20190117,8055.356
20190118,8165.174
20190122,8065.447
20190123,8078.019
20190124,8083.607
20190125,8148.87
20190128,8113.273
20190129,8133.771
20190130,8221.476
20190131,8272.367
20190201,8302.226
20190204,8339.795
20190205,8363.941
20190206,8346.812
20190207,8282.271
20190208,8284.287
20190211,8295.419
20190212,8392.742
20190213,8427.018
20190214,8402.344
20190215,8515.905
20190219,8537.242
20190220,8561.98
20190221,8532.168
20190222,8576.354
20190225,8577.826
20190226,8560.451
20190227,8565.202
20190228,8541.233
20190301,8586.56
20190304,8540.151
20190305,8525.333
20190306,8463.832
20190307,8413.89
20190308,8395.812
20190311,8494.987
20190312,8510.733
20190313,8565.323
20190314,8559.762
20190315,8585.83
20190318,8629.714
20190319,8614.437
20190320,8566.312
20190321,8640.448
20190322,8480.509
20190325,8478.027
20190326,8548.495
20190327,8514.95
20190328,8554.412
20190329,8600.37
20190401,8694.988
20190402,8679.811
20190403,8687.584
20190404,8714.68
20190405,8757.098
20190408,8762.859
20190409,8701.792
20190410,8732.348
20190411,8741.415
20190412,8808.78
20190415,8799.352
20190416,8794.876
20190417,8754.547
20190418,8768.604
20190422,8767.334
20190423,8828.423
20190424,8810.594
20190425,8780.841
20190426,8838.176
20190429,8850.62
20190430,8887.31
20190501,8809.474
20190502,8793.996
20190503,8867.604
20190506,8838.03
20190507,8707.011
20190508,8696.902
20190509,8679.632
20190510,8727.821
20190513,8551.848
20190514,8619.334
20190515,8643.74
20190516,8716.209
20190517,8669.707
20190520,8647.134
20190521,8718.668
20190522,8687.72
20190523,8586.756
20190524,8616.842
20190528,8533.543
20190529,8475.889
20190530,8480.157
20190531,8389.112
20190603,8427.947
20190604,8588.908
20190605,8646.931
20190606,8691.318
20190607,8747.211
20190610,8765.195
20190611,8756.938
20190612,8749.205
20190613,8788.061
20190614,8775.453
20190617,8768.545
20190618,8839.451
20190619,8870.141
20190620,8952.396
20190621,8929.651
20190624,8902.627
20190625,8848.258
20190626,8819.779
20190627,8865.967
20190628,8936.156
20190701,8979.961
20190702,8997.715
20190703,9069.565
20190705,9060.288
20190708,9021.212
20190709,9022.258
20190710,9041.927
20190711,9065.429
20190712,9103.152
20190715,9092.253
20190716,9071.168
20190717,9011.216
20190718,9043.792
20190719,9000.524
20190722,8999.016
20190723,9061.655
20190724,9105.263
20190725,9064.284
20190726,9115.174
20190729,9097.648
20190730,9090.192
20190731,9005.949
20190801,8910.61
20190802,8864.599
20190805,8630.718
20190806,8726.763
20190807,8725.015
20190808,8876.468
20190809,8822.27
20190812,8709.869
20190813,8805.003
20190814,8560.117
20190815,8587.295
20190816,8713.546
20190819,8800.206
20190820,8736.153
20190821,8802.792
20190822,8806.111
20190823,8608.298
20190826,8683.818
20190827,8645.733
20190828,8714.178
20190829,8817.951
20190830,8832.898
20190903,8782.903
20190904,8868.08
20190905,8960.425
20190906,8972.764
20190909,8990.482
20190910,9010.139
20190911,9074.4
20190912,9092.191
20190913,9097.725
20190916,9091.917
20190917,9102.89
20190918,9098.057
20190919,9092.788
20190920,9070.152
20190923,9069.761
20190924,9006.689
20190925,9040.416
20190926,9023.271
20190927,8995.342
20190930,9023.779
20191001,8899.351
20191002,8747.166
20191003,8799.319
20191004,8909.369
20191007,8871.017
20191008,8736.959
20191009,8805.017
20191010,8856.696
20191011,8953.261
20191014,8935.723
20191015,9006.198
20191016,8993.069
20191017,9024.958
20191018,9010.123
20191021,9061.794
20191022,9048.11
20191023,9072.238
20191024,9067.421
20191025,9091.926
20191028,9119.515
20191029,9140.07
20191030,9163.564
20191031,9118.783
20191101,9211.136
20191104,9240.242
20191105,9223.772
20191106,9232.787
20191107,9262.716
20191108,9279.464
20191111,9262.011
20191112,9266.781
20191113,9274.465
20191114,9288.057
20191115,9355.59
20191118,9351.546
20191119,9338.662
20191120,9317.633
20191121,9306.272
20191122,9329.14
20191125,9388.263
20191126,9411.727
20191127,9442.117
20191129,9406.649
20191202,9336.612
20191203,9279.025
20191204,9338.887
20191205,9352.527
20191206,9426.479
20191209,9406.611
20191210,9399.618
20191211,9415.896
20191212,9495.569
20191213,9483.839
20191216,9543.011
20191217,9545.112
20191218,9545.144
20191219,9574.126
20191220,9621.239
20191223,9623.135
20191224,9623.428
20191226,9651.683
20191227,9650.646
20191230,9607.118
20191231,9636.411
